Test_ID,Grupo,Consulta,Consulta_propuesta_por,Fecha,Evaluador,Resultado_general,Puntuacion_1_a_5,Empresa_esperada,Empresa_esperada_aparece,Posicion_empresa_esperada,Resultados_relevantes_top5,Resultados_no_relevantes_top5,Empresas_relevantes_ausentes,Comentario_cliente,Tipo_de_problema,Severidad,Requiere_revision_tecnica,Revision_tecnica,Clasificacion_tecnica,Accion_recomendada,Estado_seguimiento,Referencia_issue
G1-01,G1_PRODUCTOS_SERVICIOS_DIRECTOS,tratamiento de aguas de perforación,SISTEG,,,,,,,,,,,,,,,,,,,
G1-02,G1_PRODUCTOS_SERVICIOS_DIRECTOS,levantamiento artificial,SISTEG,,,,,,,,,,,,,,,,,,,
G1-03,G1_PRODUCTOS_SERVICIOS_DIRECTOS,revestidor,SISTEG,,,,,,,,,,,,,,,,,,,
G1-04,G1_PRODUCTOS_SERVICIOS_DIRECTOS,mecha,SISTEG,,,,,,,,,,,,,,,,,,,
G2-01,G2_TERMINOLOGIA_REGIONAL,cabria,SISTEG,,,,,,,,,,,,,,,,,,,
G2-02,G2_TERMINOLOGIA_REGIONAL,cabrias,SISTEG,,,,,,,,,,,,,,,,,,,
G2-03,G2_TERMINOLOGIA_REGIONAL,mechurrio,SISTEG,,,,,,,,,,,,,,,,,,,
G2-04,G2_TERMINOLOGIA_REGIONAL,macolla,SISTEG,,,,,,,,,,,,,,,,,,,
G2-05,G2_TERMINOLOGIA_REGIONAL,guaya fina,SISTEG,,,,,,,,,,,,,,,,,,,
G2-06,G2_TERMINOLOGIA_REGIONAL,guaya eléctrica,SISTEG,,,,,,,,,,,,,,,,,,,
G2-07,G2_TERMINOLOGIA_REGIONAL,balancín,SISTEG,,,,,,,,,,,,,,,,,,,
G2-08,G2_TERMINOLOGIA_REGIONAL,caballito,SISTEG,,,,,,,,,,,,,,,,,,,
G2-09,G2_TERMINOLOGIA_REGIONAL,camión chupón,SISTEG,,,,,,,,,,,,,,,,,,,
G2-10,G2_TERMINOLOGIA_REGIONAL,gandola,SISTEG,,,,,,,,,,,,,,,,,,,
G3-01,G3_INTENCION_MAS_CAPACIDAD,mantenimiento de cabrias,SISTEG,,,,,,,,,,,,,,,,,,,
G3-02,G3_INTENCION_MAS_CAPACIDAD,fabricantes de cabrias,SISTEG,,,,,,,,,,,,,,,,,,,
G3-03,G3_INTENCION_MAS_CAPACIDAD,transporte de gandolas,SISTEG,,,,,,,,,,,,,,,,,,,
G3-04,G3_INTENCION_MAS_CAPACIDAD,alquiler de gandolas,SISTEG,,,,,,,,,,,,,,,,,,,
G3-05,G3_INTENCION_MAS_CAPACIDAD,mantenimiento de levantamiento artificial,SISTEG,,,,,,,,,,,,,,,,,,,
G4-01,G4_TERMINOS_AMPLIOS_GENERICOS,operadores,SISTEG,,,,,,,,,,,,,,,,,,,
G4-02,G4_TERMINOS_AMPLIOS_GENERICOS,dame todas las empresas,SISTEG,,,,,,,,,,,,,,,,,,,
G4-03,G4_TERMINOS_AMPLIOS_GENERICOS,servicios petroleros,SISTEG,,,,,,,,,,,,,,,,,,,
G4-04,G4_TERMINOS_AMPLIOS_GENERICOS,construcción,SISTEG,,,,,,,,,,,,,,,,,,,
G5-01,G5_TECNICAS_COMPUESTAS,tratamiento de aguas de perforación en el lago,SISTEG,,,,,,,,,,,,,,,,,,,
G5-02,G5_TECNICAS_COMPUESTAS,empresas que fabriquen y mantengan balancines,SISTEG,,,,,,,,,,,,,,,,,,,
G5-03,G5_TECNICAS_COMPUESTAS,inspección y mantenimiento de guaya eléctrica,SISTEG,,,,,,,,,,,,,,,,,,,
G5-04,G5_TECNICAS_COMPUESTAS,transporte de crudo por gandola,SISTEG,,,,,,,,,,,,,,,,,,,
G6-01,G6_INGLES_BILINGUE,pipeline,SISTEG,,,,,,,,,,,,,,,,,,,
G6-02,G6_INGLES_BILINGUE,refinery,SISTEG,,,,,,,,,,,,,,,,,,,
G6-03,G6_INGLES_BILINGUE,refinería,SISTEG,,,,,,,,,,,,,,,,,,,
G6-04,G6_INGLES_BILINGUE,drilling,SISTEG,,,,,,,,,,,,,,,,,,,
G7-01,G7_DIFICILES_FUERA_DE_ALCANCE,como me afilio a la camara?,SISTEG,,,,,,,,,,,,,,,,,,,
G7-02,G7_DIFICILES_FUERA_DE_ALCANCE,necesito arbolitos para pozos petroleros,SISTEG,,,,,,,,,,,,,,,,,,,
G7-03,G7_DIFICILES_FUERA_DE_ALCANCE,venta de zapatos,SISTEG,,,,,,,,,,,,,,,,,,,
G7-04,G7_DIFICILES_FUERA_DE_ALCANCE,xyzqw,SISTEG,,,,,,,,,,,,,,,,,,,
G8-01,G8_PROPUESTAS_POR_EL_CLIENTE,,CLIENTE,,,,,,,,,,,,,,,,,,,
G8-02,G8_PROPUESTAS_POR_EL_CLIENTE,,CLIENTE,,,,,,,,,,,,,,,,,,,
G8-03,G8_PROPUESTAS_POR_EL_CLIENTE,,CLIENTE,,,,,,,,,,,,,,,,,,,
G8-04,G8_PROPUESTAS_POR_EL_CLIENTE,,CLIENTE,,,,,,,,,,,,,,,,,,,
G8-05,G8_PROPUESTAS_POR_EL_CLIENTE,,CLIENTE,,,,,,,,,,,,,,,,,,,
G8-06,G8_PROPUESTAS_POR_EL_CLIENTE,,CLIENTE,,,,,,,,,,,,,,,,,,,
G8-07,G8_PROPUESTAS_POR_EL_CLIENTE,,CLIENTE,,,,,,,,,,,,,,,,,,,
G8-08,G8_PROPUESTAS_POR_EL_CLIENTE,,CLIENTE,,,,,,,,,,,,,,,,,,,
G8-09,G8_PROPUESTAS_POR_EL_CLIENTE,,CLIENTE,,,,,,,,,,,,,,,,,,,
G8-10,G8_PROPUESTAS_POR_EL_CLIENTE,,CLIENTE,,,,,,,,,,,,,,,,,,,
